<?xml version="1.0" encoding="UTF-8"?>
<!DOCTYPE mapper
  PUBLIC "-//mybatis.org//DTD Mapper 3.0//EN"
  "http://mybatis.org/dtd/mybatis-3-mapper.dtd">
<mapper namespace="prescriptionMedicineList">

	<sql id="selectPrescriptionMedicineListSql">
		select preCode,
			medCode,
			medName,
			dosage,
			dosday
		from prescription_medicine_list
	</sql>

	<resultMap type="PrescriptionMedicineList" id="PrescriptionMedicineListResultMap">
		<id column="preCode" property="preCode"/>
		<id column="medCode" property="medCode"/>
		<result column="medName" property="medName"/>  
		<result column="dosage" property="dosage"/> 
		<result column="dosDay" property="dosDay"/>
	</resultMap>

</mapper>